fsCOV_86_LEFT	fsCOV_86_RIGHT
fsCOV_87_LEFT	fsCOV_87_RIGHT
fsCOV_88_LEFT	fsCOV_88_RIGHT
fsCOV_89_LEFT	fsCOV_89_RIGHT
fsCOV_90_LEFT	fsCOV_90_RIGHT
fsCOV_91_LEFT	fsCOV_91_RIGHT
fsCOV_92_LEFT	fsCOV_92_RIGHT
fsCOV_93_LEFT	fsCOV_93_RIGHT
fsCOV_94_LEFT	fsCOV_94_RIGHT
fsCOV_95_LEFT	fsCOV_95_RIGHT
fsCOV_96_LEFT	fsCOV_96_RIGHT
fsCOV_97_LEFT	fsCOV_97_RIGHT
fsCOV_98_LEFT	fsCOV_98_RIGHT
fsCOV_99_LEFT2	fsCOV_99_RIGHT
fsCOV_100_LEFT	fsCOV_100_RIGHT
fsCOV_101_LEFT	fsCOV_101_RIGHT
fsCOV_102_LEFT	fsCOV_102_RIGHT
fsCOV_103_LEFT	fsCOV_103_RIGHT
fsCOV_104_LEFT	fsCOV_104_RIGHT
fsCOV_105_LEFT	fsCOV_105_RIGHT
fsCOV_106_LEFT	fsCOV_106_RIGHT
fsCOV_107_LEFT	fsCOV_107_RIGHT
fsCOV_108_LEFT	fsCOV_108_RIGHT
fsCOV_109_LEFT	fsCOV_109_RIGHT
fsCOV_110_LEFT	fsCOV_110_RIGHT
fsCOV_111_LEFT	fsCOV_111_RIGHT
