MPXV_1_LEFT	MPXV_1_RIGHT
MPXV_10_LEFT	MPXV_10_RIGHT
MPXV_100_LEFT	MPXV_100_RIGHT
MPXV_101_LEFT	MPXV_101_RIGHT
MPXV_102_LEFT	MPXV_102_RIGHT
MPXV_103_LEFT	MPXV_103_RIGHT
MPXV_104_LEFT	MPXV_104_RIGHT
MPXV_105_LEFT	MPXV_105_RIGHT
MPXV_106_LEFT	MPXV_106_RIGHT
MPXV_107_LEFT	MPXV_107_RIGHT
MPXV_108_LEFT	MPXV_108_RIGHT
MPXV_109_LEFT	MPXV_109_RIGHT
MPXV_11_LEFT	MPXV_11_RIGHT
MPXV_110_LEFT	MPXV_110_RIGHT
MPXV_111_LEFT	MPXV_111_RIGHT
MPXV_112_LEFT	MPXV_112_RIGHT
MPXV_113_LEFT	MPXV_113_RIGHT
MPXV_114_LEFT	MPXV_114_RIGHT
MPXV_115_LEFT	MPXV_115_RIGHT
MPXV_116_LEFT	MPXV_116_RIGHT
MPXV_117_LEFT	MPXV_117_RIGHT
MPXV_118_LEFT	MPXV_118_RIGHT
MPXV_119_LEFT	MPXV_119_RIGHT
MPXV_12_LEFT	MPXV_12_RIGHT
MPXV_120_LEFT	MPXV_120_RIGHT
MPXV_121_LEFT	MPXV_121_RIGHT
MPXV_122_LEFT	MPXV_122_RIGHT
MPXV_123_LEFT	MPXV_123_RIGHT
MPXV_124_LEFT	MPXV_124_RIGHT
MPXV_125_LEFT	MPXV_125_RIGHT
MPXV_126_LEFT	MPXV_126_RIGHT
MPXV_127_LEFT	MPXV_127_RIGHT
MPXV_128_LEFT	MPXV_128_RIGHT
MPXV_129_LEFT	MPXV_129_RIGHT
MPXV_13_LEFT	MPXV_13_RIGHT
MPXV_130_LEFT	MPXV_130_RIGHT
MPXV_131_LEFT	MPXV_131_RIGHT
MPXV_132_LEFT	MPXV_132_RIGHT
MPXV_133_LEFT	MPXV_133_RIGHT
MPXV_134_LEFT	MPXV_134_RIGHT
MPXV_135_LEFT	MPXV_135_RIGHT
MPXV_136_LEFT	MPXV_136_RIGHT
MPXV_137_LEFT	MPXV_137_RIGHT
MPXV_138_LEFT	MPXV_138_RIGHT
MPXV_139_LEFT	MPXV_139_RIGHT
MPXV_14_LEFT	MPXV_14_RIGHT
MPXV_140_LEFT	MPXV_140_RIGHT
MPXV_141_LEFT	MPXV_141_RIGHT
MPXV_142_LEFT	MPXV_142_RIGHT
MPXV_143_LEFT	MPXV_143_RIGHT
MPXV_144_LEFT	MPXV_144_RIGHT
MPXV_145_LEFT	MPXV_145_RIGHT
MPXV_146_LEFT	MPXV_146_RIGHT
MPXV_147_LEFT	MPXV_147_RIGHT
MPXV_148_LEFT	MPXV_148_RIGHT
MPXV_149_LEFT	MPXV_149_RIGHT
MPXV_15_LEFT	MPXV_15_RIGHT
MPXV_150_LEFT	MPXV_150_RIGHT
MPXV_151_LEFT	MPXV_151_RIGHT
MPXV_152_LEFT	MPXV_152_RIGHT
MPXV_153_LEFT	MPXV_153_RIGHT
MPXV_154_LEFT	MPXV_154_RIGHT
MPXV_155_LEFT	MPXV_155_RIGHT
MPXV_156_LEFT	MPXV_156_RIGHT
MPXV_157_LEFT	MPXV_157_RIGHT
MPXV_158_LEFT	MPXV_158_RIGHT
MPXV_159_LEFT	MPXV_159_RIGHT
MPXV_16_LEFT	MPXV_16_RIGHT
MPXV_160_LEFT	MPXV_160_RIGHT
MPXV_161_LEFT	MPXV_161_RIGHT
MPXV_162_LEFT	MPXV_162_RIGHT
MPXV_163_LEFT	MPXV_163_RIGHT
MPXV_17_LEFT	MPXV_17_RIGHT
MPXV_18_LEFT	MPXV_18_RIGHT
MPXV_19_LEFT	MPXV_19_RIGHT
MPXV_2_LEFT	MPXV_2_RIGHT
MPXV_20_LEFT	MPXV_20_RIGHT
MPXV_21_LEFT	MPXV_21_RIGHT
MPXV_22_LEFT	MPXV_22_RIGHT
MPXV_23_LEFT	MPXV_23_RIGHT
MPXV_24_LEFT	MPXV_24_RIGHT
MPXV_25_LEFT	MPXV_25_RIGHT
MPXV_26_LEFT	MPXV_26_RIGHT
MPXV_27_LEFT	MPXV_27_RIGHT
MPXV_28_LEFT	MPXV_28_RIGHT
MPXV_29_LEFT	MPXV_29_RIGHT
MPXV_3_LEFT	MPXV_3_RIGHT
MPXV_30_LEFT	MPXV_30_RIGHT
MPXV_31_LEFT	MPXV_31_RIGHT
MPXV_32_LEFT	MPXV_32_RIGHT
MPXV_33_LEFT	MPXV_33_RIGHT
MPXV_34_LEFT	MPXV_34_RIGHT
MPXV_35_LEFT	MPXV_35_RIGHT
MPXV_36_LEFT	MPXV_36_RIGHT
MPXV_37_LEFT	MPXV_37_RIGHT
MPXV_38_LEFT	MPXV_38_RIGHT
MPXV_39_LEFT	MPXV_39_RIGHT
MPXV_4_LEFT	MPXV_4_RIGHT
MPXV_40_LEFT	MPXV_40_RIGHT
MPXV_41_LEFT	MPXV_41_RIGHT
MPXV_42_LEFT	MPXV_42_RIGHT
MPXV_43_LEFT	MPXV_43_RIGHT
MPXV_44_LEFT	MPXV_44_RIGHT
MPXV_45_LEFT	MPXV_45_RIGHT
MPXV_46_LEFT	MPXV_46_RIGHT
MPXV_47_LEFT	MPXV_47_RIGHT
MPXV_48_LEFT	MPXV_48_RIGHT
MPXV_49_LEFT	MPXV_49_RIGHT
MPXV_5_LEFT	MPXV_5_RIGHT
MPXV_50_LEFT	MPXV_50_RIGHT
MPXV_51_LEFT	MPXV_51_RIGHT
MPXV_52_LEFT	MPXV_52_RIGHT
MPXV_53_LEFT	MPXV_53_RIGHT
MPXV_54_LEFT	MPXV_54_RIGHT
MPXV_55_LEFT	MPXV_55_RIGHT
MPXV_56_LEFT	MPXV_56_RIGHT
MPXV_57_LEFT	MPXV_57_RIGHT
MPXV_58_LEFT	MPXV_58_RIGHT
MPXV_59_LEFT	MPXV_59_RIGHT
MPXV_6_LEFT	MPXV_6_RIGHT
MPXV_60_LEFT	MPXV_60_RIGHT
MPXV_61_LEFT	MPXV_61_RIGHT
MPXV_62_LEFT	MPXV_62_RIGHT
MPXV_63_LEFT	MPXV_63_RIGHT
MPXV_64_LEFT	MPXV_64_RIGHT
MPXV_65_LEFT	MPXV_65_RIGHT
MPXV_66_LEFT	MPXV_66_RIGHT
MPXV_67_LEFT	MPXV_67_RIGHT
MPXV_68_LEFT	MPXV_68_RIGHT
MPXV_69_LEFT	MPXV_69_RIGHT
MPXV_7_LEFT	MPXV_7_RIGHT
MPXV_70_LEFT	MPXV_70_RIGHT
MPXV_71_LEFT	MPXV_71_RIGHT
MPXV_72_LEFT	MPXV_72_RIGHT
MPXV_73_LEFT	MPXV_73_RIGHT
MPXV_74_LEFT	MPXV_74_RIGHT
MPXV_75_LEFT	MPXV_75_RIGHT
MPXV_76_LEFT	MPXV_76_RIGHT
MPXV_77_LEFT	MPXV_77_RIGHT
MPXV_78_LEFT	MPXV_78_RIGHT
MPXV_79_LEFT	MPXV_79_RIGHT
MPXV_8_LEFT	MPXV_8_RIGHT
MPXV_80_LEFT	MPXV_80_RIGHT
MPXV_81_LEFT	MPXV_81_RIGHT
MPXV_82_LEFT	MPXV_82_RIGHT
MPXV_83_LEFT	MPXV_83_RIGHT
MPXV_84_LEFT	MPXV_84_RIGHT
MPXV_85_LEFT	MPXV_85_RIGHT
MPXV_86_LEFT	MPXV_86_RIGHT
MPXV_87_LEFT	MPXV_87_RIGHT
MPXV_88_LEFT	MPXV_88_RIGHT
MPXV_89_LEFT	MPXV_89_RIGHT
MPXV_9_LEFT	MPXV_9_RIGHT
MPXV_90_LEFT	MPXV_90_RIGHT
MPXV_91_LEFT	MPXV_91_RIGHT
MPXV_92_LEFT	MPXV_92_RIGHT
MPXV_93_LEFT	MPXV_93_RIGHT
MPXV_94_LEFT	MPXV_94_RIGHT
MPXV_95_LEFT	MPXV_95_RIGHT
MPXV_96_LEFT	MPXV_96_RIGHT
MPXV_97_LEFT	MPXV_97_RIGHT
MPXV_98_LEFT	MPXV_98_RIGHT
MPXV_99_LEFT	MPXV_99_RIGHT
